waterYear,Total Precipitation (inch),Average Discharge - KB-300 (cfs),Average Discharge - KB-175 (cfs),Average Discharge - KB-175 (cfs)_corrected,Total Applied Cl - I90 (kg),KB300 Cl (kg),KB175 Cl (kg),KB175 Cl (kg)_corrected,Ave Flux Concentration - KB175 (mg/L),Ave Flux Concentration - KB175 (mg/L)_corrected,Total Cl Stored in fen,Total Cl Stored in fen_corrected
2018,46.94,0.8018662551381681,2.133089590003969,2.245794916449523,250620.69408413622,20467,79206,119350,41.58248835771837,62.65775301736848,169325.51392040958,129181.54424766626
2019,52.99,0.6953202299802018,2.6759660673418573,2.6889656213111777,221440.8765096835,14411,124405,131144,52.061745272907125,54.88192212588025,91517.83689381098,84778.34052330197
2020,28.739999999999995,0.7604613023435727,2.1196680970032586,2.159924750799368,151915.38145333057,12790,59525,70073,31.447999952925258,37.020675358275206,91507.44142250011,80959.94530784409
