waterYear,Total Precipitation (inch),Average Discharge - KB-300 (cfs),Average Discharge - KB-175 (cfs),Total Applied Cl - I90 (kg),KB300 Cl (kg),KB175 Cl (kg),KB175 Cl (kg)_corrected,Ave Flux Concentration - KB175 (mg/L),Ave Flux Concentration - KB175 (mg/L)_corrected,Total Cl Stored in fen,Fen area
2018,46.94,0.8018662551381681,2.133089590003969,250620.6940841362,20467,79206,119350,41.58248835771837,62.65775301736848,169325.5139204096,169326
2019,52.99,0.6953202299802018,2.6759660673418577,221440.8765096835,14411,124405,131144,52.06174527290712,54.881922125880244,91517.83689381099,91518
2020,46.769999999999996,0.5127739461142914,1.865530410339196,151915.3814533306,15139,122278,134463,73.40193066823372,80.71643143854749,31104.86173153789,31105
