waterYear,Total Precipitation (inch),Average Discharge - KB-300 (cfs),Average Discharge - KB-175 (cfs),Average Discharge - KB-175 (cfs)_corrected,Total Applied Cl - I90 (kg),KB300 Cl (kg),KB175 Cl (kg),KB175 Cl (kg)_corrected,Ave Flux Concentration - KB175 (mg/L),Ave Flux Concentration - KB175 (mg/L)_corrected,Total Cl Stored in fen,Total Cl Stored in fen_corrected
2018,46.94,0.8018662551381681,2.133089590003969,2.245794916449523,250620.6940841362,20467,79206,119350,41.58248835771837,62.65775301736848,169325.5139204096,129181.54424766629
2019,52.99,0.6953202299802019,2.6759660673418577,2.688965621311178,221440.8765096835,14411,124405,131144,52.06174527290712,54.881922125880244,91517.83689381099,84778.34052330199
2020,46.769999999999996,0.5127739461142914,1.361034108648685,1.3925710093334687,151915.3814533306,15139,68184,80369,56.10156232455001,66.12733870793382,85198.26711293163,73013.89896861528
